dia,temperatura,humedad_amb,humedad_suelo,agua_ml
15,12.5,54.6,590,285
4,29.4,89.2,243,0
3,28.9,46.2,331,0
30,28.0,41.1,282,0
27,17.2,86.9,537,240
9,14.3,34.9,284,0
14,14.1,52.6,437,56
17,27.0,63.1,383,0
26,23.3,42.9,430,80
2,26.6,34.6,198,0
8,19.2,89.6,232,0
12,18.4,82.5,440,60
30,18.6,30.7,248,0
2,18.6,42.1,501,152
29,23.0,64.0,305,0
13,27.3,73.1,327,0
22,24.0,71.5,193,0
25,22.4,45.6,261,0
25,31.6,86.8,409,88
25,11.4,67.2,197,0
27,14.3,30.8,459,124
29,33.1,64.9,150,0
13,18.7,55.5,401,2
28,27.3,65.2,435,128
25,28.8,36.6,331,0
12,28.9,82.1,512,208
10,18.2,37.4,505,158
1,27.9,56.2,185,0
17,30.5,45.2,324,0
8,21.7,63.1,209,0
1,13.5,82.8,600,300
15,22.4,35.2,298,0
19,34.3,49.0,252,0
1,18.3,40.1,197,0
15,23.1,33.2,446,69
20,16.3,78.5,429,78
7,12.3,52.5,527,190
21,29.3,79.2,179,0
22,20.4,63.1,393,0
14,33.7,50.3,592,328
15,10.4,62.0,317,0
22,30.5,56.6,476,189
5,19.4,36.8,188,0
7,21.8,79.6,334,0
22,18.2,30.8,566,284
23,29.2,52.2,436,129
24,24.9,85.9,543,250
2,11.6,68.9,357,0
15,18.6,69.9,526,189
20,12.0,38.9,464,131
25,14.8,49.2,437,90
1,31.4,76.2,394,0
23,33.2,31.9,303,0
10,12.8,84.4,185,0
1,22.1,78.7,499,148
5,30.6,86.9,291,0
25,12.6,79.6,479,154
29,17.9,84.6,245,0
9,18.8,74.4,396,0
30,16.3,60.4,247,0
25,32.8,38.4,540,285
28,32.3,70.8,423,110
18,17.6,70.7,542,248
29,24.1,30.7,386,0
19,16.7,61.6,588,317
6,21.6,65.6,430,45
12,18.5,67.3,572,258
21,30.8,64.8,364,0
2,25.7,73.6,327,0
17,34.0,44.5,480,195
8,21.3,71.1,321,0
30,19.5,31.8,554,266
1,21.6,69.1,507,160
3,22.3,85.8,337,0
14,34.2,78.3,464,136
17,17.7,54.3,467,136
30,34.8,80.1,475,188
6,13.0,63.3,245,0
20,16.3,76.9,311,0
19,18.3,44.6,245,0
5,21.7,56.6,367,0
21,27.1,60.3,228,0
27,30.8,76.8,425,112
28,14.1,36.6,229,0
18,12.9,65.0,553,264
2,29.5,48.1,438,97
23,28.3,62.6,254,0
13,27.0,81.7,513,210
28,24.4,59.6,446,104
17,27.0,71.7,372,0
27,27.0,70.9,492,213
14,20.8,66.1,237,0
8,26.2,44.6,495,182
17,25.4,80.2,379,0
13,11.2,65.5,336,0
13,15.4,33.7,360,0
4,25.5,39.0,426,79
13,25.2,56.9,530,235
29,13.0,80.6,238,0
1,25.2,58.4,205,0
28,34.3,82.0,437,130
10,27.7,45.7,447,110
23,17.1,39.4,345,0
3,16.1,69.4,341,0
17,16.2,39.4,484,161
14,11.7,34.5,202,0
3,32.1,30.6,407,50
20,12.0,32.4,548,257
27,33.6,85.0,191,0
28,25.1,69.0,581,346
8,31.0,59.9,200,0
17,15.2,63.6,303,0
2,11.0,74.7,189,0
21,31.5,68.4,422,108
29,32.7,32.6,511,242
27,24.0,58.7,264,0
30,29.4,53.7,523,260
15,20.9,63.1,156,0
10,16.6,65.5,486,129
13,16.1,58.0,234,0
7,15.7,53.4,402,3
28,12.2,72.9,381,0
6,18.4,53.0,266,0
13,33.8,72.7,198,0
5,17.0,58.7,293,0
23,13.5,37.2,514,206
21,16.7,39.0,341,0
10,25.7,46.1,167,0
18,27.1,63.3,576,339
15,30.5,78.2,346,0
7,21.6,74.9,414,21
29,19.3,39.8,575,298
28,25.7,72.7,511,242
29,27.1,87.3,366,0
16,31.0,70.8,600,375
10,27.8,69.7,167,0
17,31.1,44.2,251,0
2,34.9,61.6,488,172
28,26.9,68.5,414,96
20,11.3,47.7,310,0
22,32.6,50.9,335,0
11,14.9,84.1,452,78
4,15.7,49.8,323,0
18,28.0,79.7,384,0
16,26.2,38.1,167,0
22,27.7,34.0,451,152
16,19.5,60.9,571,292
7,22.7,81.7,492,138
23,32.5,49.5,595,368
3,12.1,53.9,572,258
2,22.6,33.3,322,0
10,23.6,51.7,504,156
8,21.6,40.7,456,84
1,30.3,79.8,565,288
5,11.9,36.6,467,100
12,32.8,83.7,433,90
22,32.6,78.5,474,186
28,25.4,87.8,413,94
27,20.7,37.1,503,190
25,30.0,68.8,587,356
9,27.9,32.2,300,0
12,25.0,87.5,361,0
5,18.6,38.8,475,112
20,15.9,83.2,160,0
30,12.2,54.3,292,0
29,10.2,52.7,524,221
2,18.3,63.0,420,30
2,12.6,70.0,178,0
5,20.3,82.7,255,0
27,33.9,88.2,281,0
8,33.1,66.4,337,0
30,32.1,70.5,257,0
20,29.2,89.9,576,339
12,34.5,85.5,491,176
10,26.2,81.9,202,0
25,10.3,88.3,252,0
13,19.6,63.0,246,0
20,12.6,85.1,301,0
11,19.5,86.2,511,166
18,33.9,63.2,541,286
23,13.9,85.2,458,122
13,24.1,63.1,189,0
29,23.6,63.7,322,0
26,27.9,36.0,483,200
11,28.0,64.2,385,0
30,13.8,67.5,560,275
3,15.5,86.5,363,0
5,34.1,54.3,183,0
21,14.4,35.1,301,0
24,32.7,81.4,294,0
2,19.5,62.2,296,0
18,32.0,60.3,510,240
28,22.3,57.5,163,0
22,22.2,80.5,257,0
29,30.2,56.9,402,78
3,13.2,47.2,254,0
2,27.6,83.9,462,133
3,20.8,86.6,443,64
15,20.4,49.4,313,0
19,25.2,75.0,504,231
27,34.9,40.0,397,0
28,29.0,57.8,182,0
24,29.6,43.2,600,375
10,29.9,55.2,217,0
27,11.4,34.3,196,0
10,27.1,39.2,333,0
29,17.1,39.4,366,0
13,23.3,67.1,174,0
1,28.2,43.8,179,0
5,10.1,39.1,282,0
19,29.7,44.9,489,208
10,29.5,36.6,222,0
19,21.1,42.0,520,215
25,23.3,42.3,271,0
17,33.2,36.2,305,0
16,26.4,56.3,504,231
3,14.3,88.8,568,252
15,19.8,70.4,344,0
2,14.6,46.8,343,0
8,34.0,61.2,547,260
8,15.5,86.8,521,182
16,29.2,60.6,450,150
6,21.6,48.8,332,0
21,15.5,40.0,368,0
25,15.2,65.5,597,330
3,17.2,73.3,576,264
18,15.0,78.5,455,118
12,17.3,54.7,454,81
8,22.0,38.1,244,0
27,21.4,34.3,150,0
3,15.8,39.4,279,0
8,32.9,46.7,309,0
13,26.7,33.4,199,0
14,23.7,88.5,285,0
7,33.6,69.4,504,196
5,25.4,54.4,316,0
1,31.1,74.3,311,0
17,20.8,89.9,551,262
13,20.9,76.3,297,0
2,32.5,65.7,330,0
17,34.8,78.4,590,360
23,26.9,49.9,303,0
26,21.6,30.2,376,0
10,33.8,50.4,328,0
26,10.0,32.8,547,256
17,19.1,88.0,399,0
25,24.1,63.8,542,248
28,34.5,74.7,600,375
1,12.9,51.9,342,0
30,14.3,58.5,576,299
23,19.8,60.6,361,0
7,25.9,38.7,304,0
7,18.9,66.6,355,0
7,33.4,35.6,576,304
22,26.3,40.7,569,328
26,16.8,86.3,217,0
9,21.8,43.0,458,87
4,20.3,85.9,600,300
7,28.3,32.5,306,0
17,16.1,81.9,405,42
18,33.1,54.0,302,0
14,21.1,37.0,519,178
1,18.7,41.7,432,48
18,20.9,70.1,460,125
23,17.6,55.6,299,0
17,32.6,85.2,466,174
20,34.6,55.2,494,216
2,20.4,88.2,342,0
27,19.7,80.1,180,0
20,25.1,76.1,324,0
27,22.6,82.7,365,0
23,32.0,55.1,296,0
7,23.6,74.2,484,126
6,20.3,42.5,321,0
9,10.4,37.2,198,0
23,31.0,88.9,488,207
2,22.5,76.4,373,0
1,33.5,81.6,348,0
11,19.3,34.8,553,230
20,21.1,51.0,494,176
25,13.5,50.6,547,256
14,31.5,48.2,572,298
30,22.0,75.0,192,0
1,19.3,64.4,468,102
2,23.9,59.1,276,0
1,25.1,82.6,312,0
9,31.8,42.7,258,0
16,33.0,64.0,256,0
12,30.7,70.7,559,278
6,11.8,39.9,528,192
20,17.6,48.0,476,149
15,24.2,40.8,183,0
28,18.1,45.9,570,290
12,30.5,55.0,437,96
24,31.7,30.7,261,0
1,23.4,71.4,542,213
18,15.6,35.9,198,0
9,22.1,73.5,326,0
13,32.7,52.3,500,190
23,18.8,30.7,465,132
6,29.2,74.5,522,223
13,21.9,55.3,531,196
18,18.9,56.7,271,0
29,22.7,41.5,154,0
22,14.0,47.1,507,196
25,12.8,47.5,257,0
17,18.1,69.5,223,0
24,19.6,70.3,238,0
26,24.4,37.7,414,56
1,10.0,41.7,231,0
11,33.3,79.0,595,332
26,22.7,40.5,554,266
19,30.5,53.3,438,132
2,11.9,86.7,211,0
27,20.4,63.5,379,0
22,11.4,40.4,181,0
23,19.8,71.8,171,0
11,24.2,79.9,378,0
8,26.6,76.7,216,0
21,34.6,78.3,388,0
27,19.3,75.4,520,215
13,15.2,87.2,557,236
23,31.8,87.0,411,92
13,27.6,53.8,185,0
25,15.7,69.8,444,101
18,27.3,32.5,202,0
7,14.7,85.4,471,106
15,12.7,52.8,460,90
9,32.9,81.2,589,324
21,25.2,40.3,313,0
17,28.8,41.2,160,0
10,23.8,81.7,581,272
5,33.3,70.3,530,235
30,24.9,70.3,151,0
18,34.6,70.1,414,96
21,25.6,42.5,268,0
24,17.5,64.5,545,252
22,33.2,64.8,216,0
3,27.7,38.5,587,320
10,21.5,51.4,511,166
8,12.7,70.0,222,0
24,26.4,32.1,490,210
17,12.9,34.8,435,88
13,12.6,44.0,337,0
27,32.7,55.3,497,220
20,18.3,67.4,540,245
13,10.9,50.8,159,0
13,25.6,43.1,341,0
14,23.3,77.4,445,68
27,18.5,67.3,542,248
5,23.3,43.3,212,0
15,17.5,36.5,325,0
25,29.4,30.1,305,0
29,14.6,32.1,404,41
22,11.0,76.8,587,316
5,34.1,50.0,537,246
29,20.1,36.3,308,0
3,27.4,72.8,359,0
25,34.9,33.6,313,0
8,35.0,60.4,520,220
26,13.1,64.6,449,108
13,32.2,70.2,338,0
12,13.3,64.0,189,0
19,31.5,33.2,466,174
3,13.7,53.6,179,0
11,32.4,67.7,253,0
3,32.9,38.4,173,0
19,11.2,83.2,314,0
8,28.9,43.0,485,168
26,33.4,70.8,521,256
20,34.6,40.2,459,164
7,25.9,82.3,514,211
21,27.7,47.9,512,243
23,15.5,84.2,468,137
27,28.9,37.0,351,0
27,19.7,55.5,276,0
28,22.9,84.7,275,0
11,24.3,37.0,530,195
10,14.1,81.0,236,0
27,13.2,67.0,554,266
17,26.1,68.7,336,0
13,32.7,61.3,315,0
24,20.8,42.4,373,0
15,16.0,78.5,349,0
21,24.9,68.8,574,296
24,27.4,67.7,549,298
26,31.7,76.8,549,298
3,29.7,46.1,249,0
20,13.7,56.7,222,0
10,29.4,53.3,551,266
6,25.9,44.3,415,62
11,29.7,59.9,292,0
29,28.1,40.7,234,0
21,27.2,75.3,398,0
18,30.7,63.6,347,0
27,21.7,82.5,527,226
9,12.4,89.0,242,0
8,28.7,84.4,502,193
3,19.3,41.6,192,0
9,31.1,56.9,388,0
27,25.3,37.6,397,0
13,21.6,78.9,531,196
8,25.7,78.4,360,0
3,30.7,82.8,393,0
23,31.6,84.6,194,0
10,20.7,42.8,417,26
2,19.6,53.8,337,0
11,24.8,77.1,169,0
1,24.0,68.9,325,0
22,20.8,41.6,174,0
1,15.1,63.9,150,0
19,25.8,35.7,456,159
14,11.2,58.4,208,0
11,17.3,35.1,567,250
13,18.0,81.8,575,262
27,20.5,74.6,578,302
24,27.3,65.5,276,0
4,23.5,51.9,223,0
21,24.3,78.7,465,132
23,27.5,66.8,467,176
16,30.0,52.3,433,124
18,26.8,50.5,158,0
8,14.4,69.4,398,0
8,22.5,78.2,439,58
17,14.1,88.7,284,0
15,32.7,33.6,463,134
28,30.2,45.4,442,138
17,24.9,40.9,264,0
28,10.9,77.9,463,130
26,13.4,57.9,291,0
28,25.0,82.7,575,298
1,11.6,48.9,461,92
18,20.6,72.8,316,0
9,33.8,70.4,243,0
8,19.1,41.3,414,21
6,34.8,41.7,273,0
27,27.7,72.3,388,0
1,24.8,62.0,263,0
2,10.0,32.2,365,0
28,31.4,78.3,190,0
23,14.3,47.1,165,0
16,13.1,49.5,482,158
21,31.7,68.0,432,123
17,13.8,33.9,323,0
5,18.1,81.1,599,298
3,30.0,79.3,380,0
3,21.0,38.1,217,0
12,18.2,48.3,291,0
19,13.2,65.5,375,0
30,27.3,52.3,506,234
26,25.9,78.0,478,192
11,29.5,31.4,543,254
29,12.2,60.0,494,176
30,17.6,82.1,363,0
25,24.8,63.2,508,197
13,23.6,47.4,345,0
4,30.7,46.8,256,0
15,25.5,64.7,249,0
1,10.6,35.7,466,99
13,11.4,38.6,558,237
9,12.2,71.3,490,135
12,32.0,57.6,479,158
25,15.4,75.9,426,74
13,29.9,61.2,419,68
16,32.8,50.8,507,236
21,33.8,31.1,540,285
14,15.3,52.9,211,0
3,11.7,42.5,292,0
28,22.6,54.3,346,0
26,14.2,36.6,322,0
2,33.3,30.5,279,0
28,31.8,34.5,456,159
26,16.1,50.6,178,0
26,18.5,53.8,524,221
21,26.4,74.4,498,222
11,32.4,84.2,500,190
17,28.3,89.0,485,202
16,34.9,85.2,579,344
10,31.5,56.0,558,277
10,12.6,63.6,321,0
11,29.6,41.7,460,130
8,10.8,47.4,161,0
16,16.9,48.4,542,248
25,10.5,53.6,473,144
23,33.8,60.7,515,248
22,30.5,67.0,504,231
17,10.3,33.8,444,101
30,11.5,56.9,592,323
21,18.0,38.8,520,215
15,30.2,31.0,354,0
21,12.5,65.4,530,230
26,27.7,62.8,228,0
29,27.2,88.3,289,0
3,19.2,85.5,596,294
25,16.3,62.9,356,0
19,28.3,41.9,584,351
30,30.5,77.9,517,250
20,31.5,41.7,432,123
26,20.9,47.1,562,278
9,27.3,87.8,405,48
1,14.2,38.9,199,0
11,23.9,69.3,277,0
3,31.6,66.0,268,0
21,10.9,68.3,370,0
6,27.0,59.8,307,0
6,23.4,69.0,211,0
10,12.7,42.1,170,0
13,31.8,32.3,248,0
6,13.1,32.3,255,0
29,10.1,55.7,318,0
18,31.3,51.4,564,321
1,15.3,47.8,258,0
3,25.9,57.4,211,0
11,22.2,52.4,473,110
16,27.6,45.2,465,172
14,21.8,62.0,305,0
3,19.6,76.2,412,18
8,31.7,41.9,473,150
24,24.5,83.5,205,0
16,16.1,54.0,555,268
22,27.9,55.7,178,0
11,33.1,65.7,193,0
14,30.9,73.2,332,0
22,13.3,37.8,194,0
3,17.6,53.7,241,0
4,29.4,30.6,196,0
26,10.6,75.9,465,132
22,33.7,33.9,514,246
6,33.9,48.5,165,0
15,30.8,72.0,463,134
23,32.8,37.4,191,0
21,24.6,37.6,586,314
13,27.4,34.2,325,0
23,24.8,85.0,246,0
27,27.9,85.2,538,282
14,12.5,63.1,593,290
24,17.5,80.2,434,86
19,13.0,81.0,356,0
6,22.2,50.0,357,0
4,31.1,51.7,158,0
10,28.9,84.7,564,286
25,32.2,59.3,182,0
6,27.9,48.9,327,0
29,26.1,37.7,283,0
27,24.6,33.5,519,214
19,10.1,37.0,363,0
7,27.5,63.3,526,229
4,29.6,82.9,267,0
29,17.1,68.4,166,0
29,34.5,33.2,172,0
25,24.7,31.2,384,0
3,14.5,62.2,361,0
29,21.3,67.6,359,0
23,13.8,57.3,481,156
20,30.7,33.6,219,0
10,14.3,72.4,528,192
11,27.0,58.4,284,0
30,13.0,44.8,463,130
18,31.8,61.4,379,0
14,24.9,31.9,471,106
13,13.1,75.5,333,0
24,11.5,53.7,252,0
10,34.3,76.9,461,132
23,15.8,72.2,509,198
26,12.8,82.6,192,0
5,31.8,84.5,433,90
26,31.9,82.6,473,184
7,21.5,56.6,521,182
21,11.8,66.2,398,0
8,31.3,57.7,336,0
12,14.7,38.8,230,0
18,12.6,74.4,191,0
21,30.0,72.1,432,123
19,19.2,83.3,408,47
8,18.5,39.1,152,0
18,17.0,74.4,287,0
10,22.9,72.1,275,0
11,20.1,54.8,286,0
10,21.7,77.2,549,224
5,34.2,59.6,537,246
20,33.5,64.5,493,214
21,22.5,71.7,468,137
1,21.7,71.9,541,212
4,13.2,54.3,282,0
3,12.4,82.4,240,0
15,23.7,63.8,434,51
27,12.4,56.5,151,0
15,22.3,44.8,223,0
24,23.3,35.7,278,0
20,20.6,67.6,583,310
25,21.5,67.7,410,50
15,10.1,65.8,174,0
11,12.1,45.9,178,0
25,12.1,53.9,479,154
3,25.6,70.7,592,328
15,23.4,55.9,425,38
11,27.2,86.7,281,0
25,12.4,33.5,561,276
30,23.8,80.5,151,0
19,29.1,57.1,281,0
3,27.1,60.5,230,0
18,24.3,62.6,243,0
3,10.8,31.7,250,0
18,26.6,49.4,388,0
5,17.5,44.0,438,57
4,26.7,55.6,353,0
10,27.3,88.7,326,0
28,35.0,85.4,459,164
21,33.9,37.0,320,0
2,24.6,65.4,265,0
3,17.9,60.4,188,0
1,14.5,50.1,424,36
27,23.7,77.0,576,299
4,18.0,87.3,483,124
13,16.4,87.8,430,45
29,23.8,88.5,229,0
13,10.0,75.6,404,6
29,33.3,67.4,273,0
17,10.1,60.2,377,0
13,11.4,77.7,297,0
23,34.3,86.6,418,102
20,11.5,57.5,541,246
7,29.5,76.5,235,0
8,33.0,60.2,515,212
15,29.1,67.2,345,0
5,20.4,44.1,519,178
9,15.6,79.3,191,0
2,25.3,41.8,439,98
21,33.5,59.1,534,276
26,17.6,67.6,195,0
5,16.8,56.3,418,27
8,14.9,79.8,288,0
18,32.9,39.7,250,0
25,33.2,41.0,545,292
4,13.6,79.6,540,210
23,27.7,58.2,247,0
18,28.5,66.2,467,176
1,20.8,40.7,419,28
12,33.1,58.4,322,0
11,27.9,51.4,324,0
14,19.2,61.0,228,0
10,26.6,30.4,232,0
8,29.5,74.6,241,0
28,10.2,84.9,151,0
25,24.0,47.2,274,0
6,21.2,63.5,570,255
21,24.9,75.0,383,0
17,30.7,60.8,324,0
14,33.9,63.6,433,90
29,20.3,63.8,266,0
27,11.3,77.4,206,0
24,34.9,43.5,276,0
3,20.0,66.7,597,296
18,12.5,84.9,576,299
6,26.3,69.8,566,289
22,28.9,50.3,527,266
3,17.3,40.1,477,116
1,30.9,65.5,581,312
20,25.7,30.8,421,106
10,26.6,59.4,546,259
20,27.8,62.8,294,0
5,13.7,37.8,158,0
25,14.1,80.8,185,0
25,13.0,88.0,279,0
13,23.1,84.3,443,64
21,16.7,41.6,442,98
20,32.2,61.8,159,0
2,24.9,42.6,464,96
6,26.8,45.4,224,0
1,18.9,61.1,475,112
21,32.5,46.0,419,104
2,22.8,46.8,354,0
3,20.6,59.4,318,0
23,25.3,61.2,232,0
15,34.3,61.8,274,0
9,14.7,83.4,346,0
7,17.7,72.8,402,3
13,29.0,44.8,216,0
16,34.1,37.9,375,0
10,13.9,36.5,573,260
14,11.3,32.5,353,0
14,13.9,72.4,479,118
25,14.4,50.8,331,0
19,29.9,77.5,299,0
8,23.7,82.3,500,150
17,10.2,76.7,349,0
19,31.8,75.3,325,0
30,25.5,36.9,182,0
19,21.4,33.3,419,64
12,17.3,72.7,436,54
12,28.3,78.6,514,211
20,31.8,73.6,485,202
27,25.0,53.8,536,239
26,33.8,71.1,152,0
18,30.3,31.5,239,0
13,18.1,71.0,260,0
13,34.2,75.8,203,0
8,12.5,76.9,461,92
28,11.6,48.2,568,287
15,19.2,78.7,441,62
25,20.2,64.4,365,0
18,14.7,89.7,328,0
1,28.6,60.7,399,0
25,31.8,57.6,437,130
27,11.9,47.3,212,0
19,14.6,71.3,352,0
30,26.4,82.2,158,0
30,23.5,53.6,222,0
29,25.7,77.7,342,0
4,31.3,68.7,400,0
14,26.7,33.8,317,0
23,18.9,81.5,293,0
5,23.6,43.0,259,0
12,26.1,63.1,204,0
2,28.7,62.6,367,0
11,15.6,45.4,158,0
9,26.9,41.1,555,272
17,21.4,33.4,199,0
26,22.0,79.3,375,0
17,19.0,41.0,203,0
29,18.8,72.0,157,0
12,10.5,79.9,232,0
20,13.1,54.5,265,0
13,12.3,72.3,558,237
11,14.3,66.5,421,32
22,29.6,36.1,296,0
26,33.3,40.0,462,168
4,32.0,88.2,543,254
1,19.2,55.0,446,69
8,33.9,62.7,182,0
8,33.7,77.7,234,0
18,33.6,83.1,234,0
1,29.5,37.2,471,146
16,31.6,31.7,349,0
25,16.0,30.1,238,0
15,34.3,63.2,191,0
28,11.2,72.1,240,0
4,30.6,64.8,470,145
5,24.1,79.7,271,0
8,19.1,36.0,207,0
11,11.1,40.5,597,296
5,31.7,71.1,581,312
14,27.2,87.8,512,208
23,30.6,59.9,523,260
27,32.8,43.2,229,0
6,29.1,54.9,231,0
7,22.6,79.3,276,0
8,34.0,75.9,470,145
15,18.5,46.0,161,0
30,33.5,47.7,418,102
26,15.2,70.3,458,122
9,10.1,84.1,165,0
16,28.7,45.6,335,0
19,18.1,41.0,298,0
27,24.7,33.6,364,0
11,27.6,30.8,210,0
1,14.0,36.4,352,0
12,28.1,43.8,467,140
5,10.5,44.8,208,0
5,27.9,84.3,244,0
22,32.3,66.8,426,114
21,23.8,70.5,485,162
9,17.0,38.5,471,106
18,17.1,73.3,304,0
25,31.2,48.6,382,0
28,30.1,85.8,411,92
3,30.2,33.3,416,64
21,32.0,83.8,381,0
28,25.1,49.8,572,333
15,32.7,57.1,451,116
20,13.5,35.8,281,0
10,29.1,81.4,506,199
23,26.8,63.4,421,106
15,16.2,66.5,226,0
26,34.6,32.7,418,102
27,15.3,40.7,493,174
30,27.6,46.5,465,172
5,35.0,51.4,286,0
5,19.0,81.1,364,0
15,16.4,46.2,375,0
6,20.7,38.4,450,75
26,11.7,86.1,449,108
15,12.3,60.1,414,21
19,22.4,76.0,355,0
23,23.2,50.5,404,41
14,34.6,68.4,414,61
19,31.6,62.3,593,364
27,19.4,64.1,332,0
12,18.0,71.6,358,0
25,34.9,89.3,234,0
11,20.3,50.4,215,0
7,27.4,35.3,486,169
4,21.0,65.4,259,0
16,29.1,78.3,351,0
2,11.0,75.6,495,142
3,16.5,37.0,526,189
27,16.3,61.3,551,262
3,17.5,54.2,332,0
26,23.7,83.7,568,287
3,17.1,73.8,402,3
18,25.6,35.9,166,0
23,14.9,81.7,569,288
5,27.1,67.8,466,139
26,15.3,69.5,493,174
10,34.7,83.7,238,0
13,31.2,63.2,456,124
21,12.5,68.1,243,0
29,17.5,72.1,361,0
24,28.8,61.8,512,243
19,30.3,32.2,505,232
3,30.7,74.9,585,318
29,14.4,59.0,430,80
3,10.3,38.3,299,0
20,27.0,55.4,335,0
28,15.9,87.2,284,0
2,31.2,36.0,330,0
27,12.0,50.1,286,0
10,30.8,60.0,488,172
23,29.3,31.6,177,0
23,17.9,45.0,324,0
14,21.0,82.5,519,178
19,20.6,31.6,431,82
13,33.5,56.0,247,0
12,32.2,81.7,523,224
14,24.8,45.3,518,177
26,33.8,72.2,469,178
15,21.6,79.1,449,74
18,11.6,77.2,232,0
23,15.2,88.1,567,286
23,33.5,83.7,527,266
16,10.5,72.8,560,275
12,17.4,78.5,189,0
23,21.5,71.3,175,0
13,11.6,56.2,252,0
3,26.1,80.8,590,325
26,10.2,61.4,310,0
2,33.1,50.9,422,73
13,14.2,65.5,306,0
12,30.1,55.9,541,252
27,22.3,44.6,458,122
12,19.2,32.2,530,195
5,17.9,40.0,579,268
13,25.9,44.9,462,133
11,12.8,49.5,379,0
26,22.6,42.4,298,0
6,12.2,53.4,562,243
6,10.8,44.3,419,28
21,22.1,36.8,410,50
9,20.2,76.2,545,218
17,29.0,40.4,414,96
20,17.5,30.8,335,0
24,11.1,45.3,486,164
29,27.0,71.9,233,0
29,10.1,46.2,502,188
30,12.1,80.1,174,0
12,31.3,80.1,211,0
26,32.1,48.5,383,0
9,32.6,35.5,403,44
16,17.3,84.7,594,326
6,34.3,46.8,574,301
21,22.2,76.7,458,122
20,14.1,70.8,151,0
10,19.9,84.5,322,0
25,17.4,77.8,484,161
26,20.8,67.0,529,228
22,23.0,83.3,412,53
19,34.3,48.7,360,0
28,17.6,35.5,354,0
10,28.1,49.3,493,180
9,33.6,75.2,568,292
14,26.0,38.2,223,0
10,16.5,73.8,227,0
3,10.5,64.1,598,297
25,23.0,55.5,152,0
6,31.4,85.4,549,264
22,17.5,74.3,366,0
21,32.4,88.7,324,0
2,22.9,84.7,455,82
28,29.1,50.0,316,0
6,19.4,84.1,184,0
29,16.4,40.5,318,0
27,19.4,61.5,547,256
24,15.5,30.1,347,0
6,32.9,62.2,219,0
30,24.6,79.3,276,0
19,10.7,70.0,397,0
23,15.3,88.5,396,0
17,28.7,82.9,162,0
29,31.6,45.1,551,302
12,17.9,51.6,369,0
21,22.3,52.5,377,0
17,20.9,47.1,258,0
8,29.9,73.1,503,194
11,18.1,39.9,515,172
16,26.0,86.9,523,260
13,26.6,34.2,267,0
7,23.5,78.6,386,0
4,23.5,71.1,391,0
29,15.6,36.6,388,0
27,26.9,44.7,565,322
27,21.5,51.6,202,0
6,10.9,70.0,540,210
14,30.0,63.5,404,46
19,20.3,65.7,302,0
22,17.7,35.7,458,122
14,16.5,70.2,574,261
4,20.8,75.7,185,0
13,33.0,67.1,551,266
25,20.6,82.2,400,0
6,24.9,49.5,438,57
8,30.4,35.0,418,67
5,17.6,41.7,214,0
3,26.2,49.6,161,0
9,25.5,42.7,589,324
12,19.6,46.4,376,0
12,26.1,60.8,406,49
15,12.0,85.0,404,6
18,33.8,77.4,293,0
4,13.6,39.7,295,0
19,32.6,39.5,553,304
23,19.1,35.4,224,0
18,16.2,74.8,267,0
3,10.1,75.4,457,86
29,31.9,48.7,449,148
8,15.8,67.6,526,189
28,19.1,63.5,557,270
8,24.5,89.8,179,0
25,23.0,88.4,405,42
29,16.6,88.2,502,188
30,34.9,89.7,307,0
17,22.8,79.6,306,0
23,29.9,76.9,507,236
27,22.3,37.7,560,275
25,15.4,72.4,250,0
17,34.2,66.6,589,358
3,16.1,70.0,222,0
21,22.8,73.2,425,72
13,21.8,52.0,370,0
12,28.6,68.9,546,259
4,27.4,68.6,168,0
29,32.2,62.2,338,0
28,10.7,66.6,308,0
17,34.9,55.2,487,206
29,22.4,40.9,494,176
20,23.3,89.1,431,82
8,17.8,36.5,576,264
8,18.9,38.6,363,0
27,13.5,68.3,478,152
10,27.9,84.6,288,0
18,31.1,43.4,193,0
8,13.3,70.7,283,0
5,15.6,84.2,175,0
29,27.7,71.2,411,92
11,32.7,56.6,516,214
23,30.1,75.6,197,0
14,34.1,38.4,494,181
30,29.2,86.0,219,0
14,14.6,56.9,555,232
13,34.0,63.7,497,186
19,31.1,61.4,359,0
2,23.6,53.2,373,0
16,19.4,35.4,466,134
11,31.3,67.3,440,100
16,26.4,33.8,249,0
10,15.6,67.6,361,0
14,23.1,53.2,431,46
8,17.6,38.5,390,0
23,33.9,50.7,503,230
1,15.6,54.2,205,0
19,12.3,54.6,417,60
20,22.8,33.6,476,149
11,15.7,83.0,217,0
13,29.0,72.7,552,268
8,11.5,72.4,512,168
22,21.5,80.4,337,0
15,25.7,82.9,349,0
27,21.8,72.2,293,0
29,17.6,45.2,351,0
1,18.0,51.3,305,0
19,15.3,35.1,332,0
18,13.8,81.9,296,0
30,26.3,49.7,474,186
28,18.8,86.7,455,118
14,33.2,57.9,181,0
14,10.1,44.6,378,0
4,32.3,63.6,278,0
1,17.5,46.5,253,0
8,29.8,56.1,194,0
10,24.8,40.3,478,117
3,28.7,54.0,302,0
30,26.0,52.0,435,128
19,22.4,49.5,173,0
24,11.8,61.5,446,104
24,23.6,49.4,469,138
24,26.9,80.1,402,78
5,34.4,48.2,498,187
14,33.7,41.1,354,0
26,12.2,40.6,296,0
28,14.0,73.7,529,228
8,22.1,67.8,276,0
27,16.0,49.6,268,0
29,30.2,88.5,586,354
1,19.0,85.9,195,0
5,25.1,35.3,294,0
22,17.0,76.5,246,0
8,17.3,38.1,477,116
13,19.0,37.6,456,84
7,25.2,67.7,202,0
9,31.1,41.6,258,0
4,30.0,64.9,510,205
7,18.3,46.1,444,66
15,20.5,58.1,443,64
19,18.2,43.7,388,0
14,30.0,80.0,526,229
21,29.0,31.9,336,0
25,14.7,50.3,333,0
30,29.5,61.1,398,0
27,24.0,52.8,325,0
4,34.2,36.5,306,0
26,25.0,66.9,285,0
18,25.6,45.5,350,0
4,21.3,59.4,521,182
6,22.6,82.7,507,160
13,20.8,84.0,200,0
29,33.4,32.6,269,0
14,22.6,66.4,283,0
27,17.5,76.0,250,0
6,27.6,81.3,581,312
30,19.3,86.8,429,78
13,28.8,31.7,571,296
15,34.3,73.4,573,300
12,32.6,68.7,467,140
24,16.8,82.6,348,0
5,22.6,46.8,561,242
29,26.3,50.9,378,0
8,33.3,75.6,187,0
6,22.1,79.4,444,66
24,21.9,83.9,292,0
5,12.7,87.1,319,0
21,12.9,41.6,182,0
25,16.2,57.9,523,220
10,18.4,53.2,221,0
2,26.4,75.6,350,0
3,11.2,47.1,255,0
30,29.0,36.7,492,213
28,19.0,32.2,343,0
10,33.8,37.7,210,0
7,33.2,66.6,268,0
27,31.8,38.5,348,0
2,14.4,39.5,530,195
26,34.9,69.9,567,326
15,10.9,63.3,288,0
14,19.2,32.1,305,0
14,20.2,75.2,475,112
13,16.8,35.5,265,0
7,27.2,33.6,167,0
26,20.1,87.7,397,0
27,15.1,41.5,196,0
13,15.4,42.4,238,0
9,33.2,49.5,463,134
7,12.8,61.3,468,102
4,12.6,64.4,332,0
2,10.2,38.0,498,147
18,21.6,42.7,421,66
2,19.9,73.0,346,0
10,10.4,76.7,364,0
19,23.9,78.5,588,317
11,27.9,38.2,393,0
19,17.3,62.5,599,334
3,18.4,54.0,434,51
20,19.2,33.7,486,164
18,24.9,55.3,238,0
14,25.4,51.2,329,0
26,17.6,67.5,413,54
4,21.4,59.2,429,44
3,12.9,35.7,437,56
7,10.5,65.7,389,0
24,15.7,37.4,527,226
14,19.7,79.5,452,78
20,20.1,75.3,439,94
7,24.4,58.1,515,172
6,13.4,77.6,430,45
15,13.7,78.9,176,0
30,12.6,30.6,437,90
1,13.0,39.1,450,75
25,11.4,33.3,231,0
13,23.5,33.0,179,0
19,17.3,46.2,312,0
19,28.6,59.1,516,249
23,32.1,55.3,584,351
18,22.8,36.6,487,166
18,24.8,34.6,321,0
15,29.2,57.7,467,140
30,26.5,48.0,431,122
26,22.0,48.3,381,0
2,18.3,56.4,172,0
12,10.4,32.0,192,0
15,27.0,67.8,425,78
23,18.7,41.2,219,0
23,24.3,45.7,206,0
30,30.0,84.0,196,0
5,22.7,72.7,282,0
21,10.2,67.1,400,0
11,22.5,32.0,421,32
1,22.5,56.9,163,0
21,17.3,44.3,568,287
17,26.4,58.4,305,0
26,20.9,51.5,426,74
24,30.1,69.9,560,315
28,10.9,81.1,222,0
29,31.1,33.7,335,0
9,11.6,45.6,283,0
13,28.9,34.2,212,0
13,21.9,81.5,284,0
30,12.4,35.8,482,158
7,17.1,56.7,335,0
5,16.1,55.7,288,0
8,17.9,32.3,200,0
4,24.3,61.5,529,194
8,12.6,81.0,514,171
13,10.2,81.1,170,0
5,20.3,89.1,153,0
27,30.9,63.3,431,122
24,15.0,30.6,525,222
26,10.6,35.1,465,132
30,29.5,47.8,343,0
25,30.6,86.7,198,0
29,11.5,55.9,176,0
28,20.3,80.7,236,0
20,12.2,71.1,538,242
8,17.2,38.4,564,246
3,25.6,71.0,174,0
21,33.5,48.6,381,0
6,31.3,39.0,553,270
9,19.3,44.4,382,0
27,19.2,66.6,399,0
19,17.6,80.8,170,0
19,14.5,37.8,566,284
24,12.2,41.6,291,0
29,18.0,73.8,280,0
20,20.9,54.8,450,110
5,32.4,58.4,180,0
4,12.4,46.1,158,0
30,34.4,74.9,187,0
14,24.8,48.1,498,147
9,30.2,35.3,594,331
3,27.1,66.3,372,0
6,16.2,85.8,184,0
4,22.1,68.5,593,290
19,13.2,64.0,217,0
27,11.2,47.3,368,0
5,12.7,37.6,531,196
30,31.1,36.9,500,225
21,19.4,85.2,496,179
17,33.2,44.6,370,0
4,34.1,87.5,194,0
13,28.9,78.9,526,229
15,32.3,41.8,415,62
13,25.3,55.5,300,0
23,34.6,33.9,582,348
25,29.4,68.0,257,0
6,10.8,41.7,426,39
4,11.5,49.4,435,52
26,11.0,69.1,590,320
29,16.7,32.8,407,46
4,34.0,47.4,466,139
4,12.5,51.5,440,60
21,24.3,86.0,439,94
28,22.3,30.8,163,0
22,26.8,78.6,379,0
30,12.2,87.5,156,0
24,26.9,47.4,488,207
1,32.9,43.0,430,85
21,28.9,81.8,396,0
3,33.0,32.7,269,0
1,26.3,36.1,543,254
14,12.3,37.4,481,122
1,20.5,54.5,475,112
7,25.0,34.1,269,0
17,25.6,58.8,503,230
21,10.9,87.8,369,0
2,19.2,82.5,511,166
13,15.9,65.0,308,0
24,25.3,41.4,584,351
24,17.7,52.9,223,0
2,13.9,71.2,314,0
18,16.1,46.1,550,260
4,28.6,33.3,346,0
12,24.5,56.7,201,0
26,23.1,64.5,172,0
14,21.5,74.3,580,270
30,30.9,64.3,166,0
25,22.1,50.9,217,0
7,17.2,67.4,180,0
30,31.5,49.3,420,105
10,19.0,82.7,191,0
20,33.9,84.0,564,321
8,31.6,78.2,383,0
14,32.7,40.8,533,240
22,10.9,57.5,196,0
13,18.5,84.1,490,135
7,14.0,63.0,232,0
8,21.2,73.4,213,0
10,29.6,88.8,562,283
8,30.9,51.0,303,0
19,34.0,80.9,503,230
7,27.9,80.3,544,256
23,27.8,43.2,331,0
16,33.9,35.9,415,98
29,17.1,58.7,532,233
6,13.7,84.1,539,208
19,31.9,48.5,177,0
17,33.1,36.7,386,0
15,23.2,59.4,273,0
17,20.2,42.0,300,0
29,14.5,76.5,471,142
5,30.2,58.7,330,0
22,24.2,78.2,402,38
21,20.2,46.7,433,84
10,17.0,87.5,538,207
17,16.9,67.7,594,326
14,26.5,80.3,564,286
18,10.3,54.7,212,0
26,18.8,81.9,341,0
16,10.2,61.3,377,0
16,10.1,78.8,403,40
7,12.7,51.8,508,162
10,18.5,74.1,349,0
28,24.3,66.7,232,0
6,28.9,73.9,166,0
28,31.8,79.9,170,0
6,20.8,69.7,501,152
12,31.1,53.6,540,250
11,29.3,71.6,550,265
19,15.4,87.1,329,0
14,31.7,86.7,369,0
3,28.7,87.2,295,0
22,13.1,45.7,391,0
11,24.5,70.8,190,0
17,27.6,49.0,456,159
27,31.7,48.3,228,0
20,27.2,73.1,489,208
28,17.7,33.8,320,0
22,13.1,44.1,425,72
28,28.8,84.4,165,0
26,24.8,83.3,255,0
16,14.7,70.4,401,36
5,11.5,66.9,329,0
5,33.0,57.9,325,0
6,12.0,30.5,481,122
5,10.8,48.1,386,0
14,28.6,88.4,551,266
27,26.6,32.8,526,264
20,17.1,43.4,477,150
30,22.3,39.0,351,0
14,10.7,87.5,348,0
23,29.5,81.9,164,0
6,32.8,46.0,184,0
25,22.0,62.7,356,0
18,32.1,84.1,446,144
24,26.0,76.5,373,0
21,32.1,41.5,419,104
30,11.4,58.1,467,136
30,18.4,39.8,225,0
18,13.5,86.0,379,0
15,31.6,36.9,182,0
12,14.0,37.5,552,228
24,30.1,89.1,259,0
24,13.0,60.2,324,0
21,10.7,59.4,231,0
12,26.8,70.8,431,86
11,19.2,61.5,254,0
30,25.6,38.0,335,0
18,13.5,38.5,424,71
1,25.2,56.8,287,0
6,23.0,78.5,319,0
3,21.3,56.0,596,294
28,14.7,85.9,300,0
10,26.9,52.2,280,0
7,14.7,77.4,267,0
7,29.9,49.9,354,0
5,32.2,31.6,558,277
17,30.3,79.7,382,0
29,29.7,56.5,544,291
23,15.1,66.7,161,0
20,17.3,65.8,376,0
9,30.2,32.7,474,151
19,25.2,31.9,353,0
30,33.4,41.7,290,0
30,32.4,63.3,206,0
21,33.1,36.1,177,0
30,27.4,65.9,471,182
7,15.8,76.7,477,116
18,17.4,88.5,303,0
23,24.4,51.4,287,0
20,18.2,45.9,270,0
8,17.8,62.3,179,0
17,27.2,72.4,577,340
6,21.2,56.4,577,266
18,26.3,89.0,389,0
24,13.7,74.9,594,326
5,12.5,68.7,423,34
9,12.4,73.5,357,0
21,29.5,83.3,570,330
14,17.1,54.9,552,228
15,27.6,48.0,394,0
28,18.2,75.9,237,0
7,20.4,43.7,493,140
10,27.4,55.2,592,328
17,17.6,78.6,245,0
11,15.2,44.9,570,255
7,34.3,41.2,226,0
7,23.2,49.5,413,20
3,26.3,52.7,450,115
11,34.3,37.6,392,0
21,10.1,34.8,174,0
18,25.4,41.4,401,76
16,32.7,68.5,249,0
15,28.1,69.9,470,145
12,27.7,51.2,408,52
4,18.0,45.6,527,190
7,27.8,81.7,496,184
1,20.7,34.8,217,0
7,27.2,48.6,570,295
26,25.0,67.5,528,227
13,31.2,41.2,356,0
2,28.1,86.0,414,61
8,28.1,61.3,152,0
13,21.9,58.3,306,0
2,34.5,64.2,289,0
18,11.4,78.5,302,0
30,10.2,71.9,221,0
22,25.0,38.1,213,0
30,29.5,34.5,464,171
8,21.8,47.8,470,105
17,29.0,73.0,496,219
9,22.2,69.9,205,0
17,29.1,83.4,598,372
16,15.7,59.5,526,224
8,20.1,30.4,357,0
16,24.1,38.6,510,200
23,13.2,31.5,247,0
20,25.2,69.4,484,201
5,19.5,60.2,509,164
27,34.6,80.3,461,166
18,29.9,40.5,286,0
18,17.7,73.2,183,0
10,19.5,53.8,338,0
20,15.5,76.7,167,0
21,21.9,39.5,516,209
30,26.5,45.0,561,316
18,12.1,76.7,236,0
17,26.7,68.2,407,86
13,17.7,71.2,297,0
8,13.7,52.9,405,8
6,21.3,62.2,403,4
3,30.5,63.5,436,94
7,29.9,54.2,507,200
13,11.1,56.0,205,0
17,12.8,60.3,483,160
13,28.0,43.3,500,190
17,25.2,33.4,382,0
30,24.0,69.4,439,94
16,19.7,84.6,300,0
20,18.8,84.7,173,0
4,23.0,32.9,433,50
27,33.5,35.5,249,0
22,15.6,42.5,501,186
10,17.2,74.4,369,0
2,15.2,39.9,153,0
25,33.4,86.0,566,324
24,15.2,81.9,222,0
26,26.9,50.9,399,0
30,12.1,53.4,212,0
2,12.6,67.3,494,141
30,14.7,59.4,529,228
8,15.7,51.1,528,192
16,22.4,36.2,205,0
6,26.3,83.0,553,270
30,22.6,74.1,438,92
3,10.0,43.9,594,291
19,31.0,86.3,378,0
22,18.2,47.2,470,140
6,23.2,36.6,266,0
3,23.4,64.4,216,0
25,22.8,71.6,331,0
13,23.1,76.7,299,0
14,28.9,79.6,301,0
22,29.9,50.6,593,364
25,23.2,58.1,568,287
25,18.0,40.8,560,275
25,27.4,52.8,155,0
2,11.8,46.4,371,0
10,17.9,71.0,302,0
5,19.6,60.1,464,96
25,29.0,38.1,164,0
9,23.3,60.3,340,0
24,22.3,59.2,568,287
21,21.4,67.3,182,0
4,10.2,66.2,570,255
16,15.5,30.2,282,0
28,34.1,84.9,522,258
16,24.9,65.9,452,113
23,28.3,45.2,281,0
12,24.0,67.6,198,0
13,24.2,54.0,400,0
29,16.1,76.3,151,0
23,23.6,62.9,351,0
24,25.8,60.0,225,0
7,14.6,62.1,283,0
8,18.6,63.4,356,0
26,24.6,48.4,339,0
29,11.3,75.3,277,0
5,13.1,31.4,312,0
4,23.3,56.6,472,108
27,26.7,68.9,361,0
1,19.7,38.3,261,0
2,18.6,79.8,513,170
11,34.5,75.1,581,312
29,12.4,54.7,271,0
16,12.8,72.6,252,0
27,19.2,66.5,153,0
11,27.5,75.5,415,62
19,27.5,76.2,200,0
10,29.6,40.6,227,0
24,23.0,35.6,183,0
27,30.2,41.1,245,0
24,21.9,72.7,420,65
12,32.3,86.4,462,133
11,30.9,60.2,535,242
9,30.7,68.1,435,92
10,31.7,79.6,498,187
16,13.5,89.3,324,0
4,32.5,89.8,310,0
12,13.5,55.2,247,0
10,13.7,55.2,370,0
30,16.4,64.5,585,312
24,23.1,81.0,540,245
19,11.6,32.5,272,0
10,13.7,85.2,401,2
5,28.4,33.4,552,268
16,28.7,49.7,417,100
21,21.6,81.5,371,0
22,34.3,37.7,562,318
11,15.2,71.8,469,104
4,14.7,35.1,564,246
15,20.5,64.8,463,94
16,24.2,59.0,285,0
30,11.0,87.4,194,0
29,25.8,57.5,451,152
3,31.4,54.0,308,0
17,29.1,48.1,151,0
13,33.6,68.5,315,0
14,30.5,89.5,288,0
3,31.8,42.2,446,109
22,18.9,43.1,376,0
6,16.5,39.6,379,0
1,22.6,89.8,574,261
27,14.5,51.7,169,0
14,12.3,58.6,443,64
5,28.8,87.9,207,0
4,15.0,78.2,535,202
17,13.4,86.2,242,0
22,13.7,64.1,401,36
19,28.6,55.8,164,0
14,13.1,57.5,173,0
13,24.5,50.6,586,279
20,28.8,69.6,290,0
18,25.5,66.9,382,0
21,13.2,43.1,315,0
30,12.9,85.9,180,0
28,29.3,47.2,345,0
8,12.3,80.3,477,116
2,26.1,41.2,509,204
9,23.6,84.7,514,171
16,16.8,46.5,386,0
1,12.0,55.1,509,164
27,29.4,71.0,406,84
7,16.4,64.6,507,160
11,24.3,51.8,599,298
1,25.5,74.1,404,46
8,18.9,72.4,557,236
5,25.3,67.3,497,186
30,17.5,31.6,579,304
16,17.0,85.3,274,0
29,23.6,45.5,180,0
20,30.8,64.3,218,0
18,19.7,52.8,186,0
29,34.0,79.5,214,0
5,33.3,53.2,421,72
17,15.2,62.7,423,70
6,30.7,54.8,351,0
19,33.5,88.6,165,0
24,10.9,44.0,527,226
24,27.2,65.8,215,0
11,22.5,57.2,408,12
3,10.3,53.5,172,0
2,15.6,49.5,157,0
10,17.5,80.9,514,171
18,32.7,60.4,326,0
